symboling,normalized-losses,make,num-of-doors,body-style,drive-wheels,engine-location,wheel-base,length,width,height,curb-weight,engine-type,num-of-cylinders,engine-size,fuel-system,bore,stroke,compression-ratio,horsepower,peak-rpm,city-mpg,highway-mpg,price,horsepower-binned,diesel,gas,std,turbo
3,122.0,alfa-romero,two,convertible,rwd,front,88.6,0.4134328358208958,0.32478632478632447,0.08333333333333333,2548,dohc,four,130,mpfi,3.47,2.68,9.0,111,5000.0,21,27,13495,Low,False,True,True,False
3,122.0,alfa-romero,two,convertible,rwd,front,88.6,0.4134328358208958,0.32478632478632447,0.08333333333333333,2548,dohc,four,130,mpfi,3.47,2.68,9.0,111,5000.0,21,27,16500,Low,False,True,True,False
1,122.0,alfa-romero,two,hatchback,rwd,front,94.5,0.4492537313432835,0.4444444444444446,0.38333333333333347,2823,ohcv,six,152,mpfi,2.68,3.47,9.0,154,5000.0,19,26,16500,Medium,False,True,True,False
2,164.0,audi,four,sedan,fwd,front,99.8,0.5298507462686567,0.5042735042735046,0.5416666666666666,2337,ohc,four,109,mpfi,3.19,3.4,10.0,102,5500.0,24,30,13950,Low,False,True,True,False
2,164.0,audi,four,sedan,4wd,front,99.4,0.5298507462686567,0.521367521367522,0.5416666666666666,2824,ohc,five,136,mpfi,3.19,3.4,8.0,115,5500.0,18,22,17450,Low,False,True,True,False
2,122.0,audi,two,sedan,fwd,front,99.8,0.5402985074626868,0.5128205128205127,0.44166666666666704,2507,ohc,five,136,mpfi,3.19,3.4,8.5,110,5500.0,19,25,15250,Low,False,True,True,False
1,158.0,audi,four,sedan,fwd,front,105.8,0.7701492537313432,0.9487179487179492,0.6583333333333338,2844,ohc,five,136,mpfi,3.19,3.4,8.5,110,5500.0,19,25,17710,Low,False,True,True,False
1,122.0,audi,four,wagon,fwd,front,105.8,0.7701492537313432,0.9487179487179492,0.6583333333333338,2954,ohc,five,136,mpfi,3.19,3.4,8.5,110,5500.0,19,25,18920,Low,False,True,True,False
1,158.0,audi,four,sedan,fwd,front,105.8,0.7701492537313432,0.9487179487179492,0.6750000000000002,3086,ohc,five,131,mpfi,3.13,3.4,8.3,140,5500.0,17,20,23875,Medium,False,True,False,True
2,192.0,bmw,two,sedan,rwd,front,101.2,0.5328358208955226,0.3846153846153845,0.5416666666666666,2395,ohc,four,108,mpfi,3.5,2.8,8.8,101,5800.0,23,29,16430,Low,False,True,True,False
0,192.0,bmw,four,sedan,rwd,front,101.2,0.5328358208955226,0.3846153846153845,0.5416666666666666,2395,ohc,four,108,mpfi,3.5,2.8,8.8,101,5800.0,23,29,16925,Low,False,True,True,False
0,188.0,bmw,two,sedan,rwd,front,101.2,0.5328358208955226,0.3846153846153845,0.5416666666666666,2710,ohc,six,164,mpfi,3.31,3.19,9.0,121,4250.0,21,28,20970,Medium,False,True,True,False
0,188.0,bmw,four,sedan,rwd,front,101.2,0.5328358208955226,0.3846153846153845,0.5416666666666666,2765,ohc,six,164,mpfi,3.31,3.19,9.0,121,4250.0,21,28,21105,Medium,False,True,True,False
1,122.0,bmw,four,sedan,rwd,front,103.5,0.7149253731343285,0.5641025641025647,0.6583333333333338,3055,ohc,six,164,mpfi,3.31,3.19,9.0,121,4250.0,20,25,24565,Medium,False,True,True,False
0,122.0,bmw,four,sedan,rwd,front,103.5,0.7149253731343285,0.5641025641025647,0.6583333333333338,3230,ohc,six,209,mpfi,3.62,3.39,8.0,182,5400.0,16,22,30760,Medium,False,True,True,False
0,122.0,bmw,two,sedan,rwd,front,103.5,0.7865671641791048,0.6495726495726502,0.49166666666666714,3380,ohc,six,209,mpfi,3.62,3.39,8.0,182,5400.0,16,22,41315,Medium,False,True,True,False
0,122.0,bmw,four,sedan,rwd,front,110.0,0.8343283582089553,0.9059829059829065,0.7083333333333334,3505,ohc,six,209,mpfi,3.62,3.39,8.0,182,5400.0,15,20,36880,Medium,False,True,True,False
2,121.0,chevrolet,two,hatchback,fwd,front,88.4,0.0,0.0,0.45000000000000046,1488,l,three,61,2bbl,2.91,3.03,9.5,48,5100.0,47,53,5151,Low,False,True,True,False
1,98.0,chevrolet,two,hatchback,fwd,front,94.5,0.22089552238805987,0.2820512820512823,0.35000000000000026,1874,ohc,four,90,2bbl,3.03,3.11,9.6,70,5400.0,38,43,6295,Low,False,True,True,False
0,81.0,chevrolet,four,sedan,fwd,front,94.5,0.26417910447761217,0.2820512820512823,0.35000000000000026,1909,ohc,four,90,2bbl,3.03,3.11,9.6,70,5400.0,38,43,6575,Low,False,True,True,False
1,118.0,dodge,two,hatchback,fwd,front,93.7,0.24179104477611965,0.2991452991452991,0.25,1876,ohc,four,90,2bbl,2.97,3.23,9.41,68,5500.0,37,41,5572,Low,False,True,True,False
1,118.0,dodge,two,hatchback,fwd,front,93.7,0.24179104477611965,0.2991452991452991,0.25,1876,ohc,four,90,2bbl,2.97,3.23,9.4,68,5500.0,31,38,6377,Low,False,True,True,False
1,118.0,dodge,two,hatchback,fwd,front,93.7,0.24179104477611965,0.2991452991452991,0.25,2128,ohc,four,98,mpfi,3.03,3.39,7.6,102,5500.0,24,30,7957,Low,False,True,False,True
1,148.0,dodge,four,hatchback,fwd,front,93.7,0.24179104477611965,0.2991452991452991,0.2333333333333337,1967,ohc,four,90,2bbl,2.97,3.23,9.4,68,5500.0,31,38,6229,Low,False,True,True,False
1,148.0,dodge,four,sedan,fwd,front,93.7,0.24179104477611965,0.2991452991452991,0.2333333333333337,1989,ohc,four,90,2bbl,2.97,3.23,9.4,68,5500.0,31,38,6692,Low,False,True,True,False
1,148.0,dodge,four,sedan,fwd,front,93.7,0.24179104477611965,0.2991452991452991,0.2333333333333337,1989,ohc,four,90,2bbl,2.97,3.23,9.4,68,5500.0,31,38,7609,Low,False,True,True,False
1,148.0,dodge,four,sedan,fwd,front,93.7,0.24179104477611965,0.2991452991452991,0.2333333333333337,2191,ohc,four,98,mpfi,3.03,3.39,7.6,102,5500.0,24,30,8558,Low,False,True,False,True
-1,110.0,dodge,four,wagon,fwd,front,103.3,0.5,0.3675213675213672,1.0,2535,ohc,four,122,2bbl,3.34,3.46,8.5,88,5000.0,24,30,8921,Low,False,True,True,False
3,145.0,dodge,two,hatchback,fwd,front,95.9,0.4791044776119402,0.5128205128205127,0.20000000000000048,2811,ohc,four,156,mfi,3.6,3.9,7.0,145,5000.0,19,24,12964,Medium,False,True,False,True
2,137.0,honda,two,hatchback,fwd,front,86.6,0.05223880597014925,0.30769230769230776,0.25,1713,ohc,four,92,1bbl,2.91,3.41,9.6,58,4800.0,49,54,6479,Low,False,True,True,False
2,137.0,honda,two,hatchback,fwd,front,86.6,0.05223880597014925,0.30769230769230776,0.25,1819,ohc,four,92,1bbl,2.91,3.41,9.2,76,6000.0,31,38,6855,Low,False,True,True,False
1,101.0,honda,two,hatchback,fwd,front,93.7,0.13283582089552248,0.3162393162393164,0.40000000000000036,1837,ohc,four,79,1bbl,2.91,3.07,10.1,60,5500.0,38,42,5399,Low,False,True,True,False
1,101.0,honda,two,hatchback,fwd,front,93.7,0.13283582089552248,0.3162393162393164,0.40000000000000036,1940,ohc,four,92,1bbl,2.91,3.41,9.2,76,6000.0,30,34,6529,Low,False,True,True,False
1,101.0,honda,two,hatchback,fwd,front,93.7,0.13283582089552248,0.3162393162393164,0.40000000000000036,1956,ohc,four,92,1bbl,2.91,3.41,9.2,76,6000.0,30,34,7129,Low,False,True,True,False
0,110.0,honda,four,sedan,fwd,front,96.5,0.33283582089552255,0.3162393162393164,0.5583333333333336,2010,ohc,four,92,1bbl,2.91,3.41,9.2,76,6000.0,30,34,7295,Low,False,True,True,False
0,78.0,honda,four,wagon,fwd,front,96.5,0.23880597014925373,0.30769230769230776,0.875,2024,ohc,four,92,1bbl,2.92,3.41,9.2,76,6000.0,30,34,7295,Low,False,True,True,False
0,106.0,honda,two,hatchback,fwd,front,96.5,0.39402985074626873,0.4188034188034192,0.4583333333333333,2236,ohc,four,110,1bbl,3.15,3.58,9.0,86,5800.0,27,33,7895,Low,False,True,True,False
0,106.0,honda,two,hatchback,fwd,front,96.5,0.39402985074626873,0.4188034188034192,0.4583333333333333,2289,ohc,four,110,1bbl,3.15,3.58,9.0,86,5800.0,27,33,9095,Low,False,True,True,False
0,85.0,honda,four,sedan,fwd,front,96.5,0.5119402985074628,0.4188034188034192,0.5250000000000004,2304,ohc,four,110,1bbl,3.15,3.58,9.0,86,5800.0,27,33,8845,Low,False,True,True,False
0,85.0,honda,four,sedan,fwd,front,96.5,0.5119402985074628,0.18803418803418823,0.5250000000000004,2372,ohc,four,110,1bbl,3.15,3.58,9.0,86,5800.0,27,33,10295,Low,False,True,True,False
0,85.0,honda,four,sedan,fwd,front,96.5,0.5119402985074628,0.4188034188034192,0.5250000000000004,2465,ohc,four,110,mpfi,3.15,3.58,9.0,101,5800.0,24,28,12945,Low,False,True,True,False
1,107.0,honda,two,sedan,fwd,front,96.5,0.417910447761194,0.4871794871794873,0.2666666666666669,2293,ohc,four,110,2bbl,3.15,3.58,9.1,100,5500.0,25,31,10345,Low,False,True,True,False
0,122.0,isuzu,four,sedan,rwd,front,94.3,0.4417910447761193,0.12820512820512817,0.47500000000000026,2337,ohc,four,111,2bbl,3.31,3.23,8.5,78,4800.0,24,29,6785,Low,False,True,True,False
2,122.0,isuzu,two,hatchback,rwd,front,96.0,0.4701492537313433,0.4188034188034192,0.3000000000000001,2734,ohc,four,119,spfi,3.43,3.23,9.2,90,5000.0,24,29,11048,Low,False,True,True,False
0,145.0,jaguar,four,sedan,rwd,front,113.0,0.8731343283582089,0.7948717948717945,0.4166666666666667,4066,dohc,six,258,mpfi,3.63,4.17,8.1,176,4750.0,15,19,32250,Medium,False,True,True,False
0,122.0,jaguar,four,sedan,rwd,front,113.0,0.8731343283582089,0.7948717948717945,0.4166666666666667,4066,dohc,six,258,mpfi,3.63,4.17,8.1,176,4750.0,15,19,35550,Medium,False,True,True,False
0,122.0,jaguar,two,sedan,rwd,front,102.0,0.7552238805970148,0.8803418803418799,0.0,3950,ohcv,twelve,326,mpfi,3.54,2.76,11.5,262,5000.0,13,17,36000,High,False,True,True,False
1,104.0,mazda,two,hatchback,fwd,front,93.1,0.26865671641791045,0.33333333333333376,0.5250000000000004,1890,ohc,four,91,2bbl,3.03,3.15,9.0,68,5000.0,30,31,5195,Low,False,True,True,False
1,104.0,mazda,two,hatchback,fwd,front,93.1,0.26865671641791045,0.33333333333333376,0.5250000000000004,1900,ohc,four,91,2bbl,3.03,3.15,9.0,68,5000.0,31,38,6095,Low,False,True,True,False
1,104.0,mazda,two,hatchback,fwd,front,93.1,0.26865671641791045,0.33333333333333376,0.5250000000000004,1905,ohc,four,91,2bbl,3.03,3.15,9.0,68,5000.0,31,38,6795,Low,False,True,True,False
1,113.0,mazda,four,sedan,fwd,front,93.1,0.38358208955223905,0.33333333333333376,0.5250000000000004,1945,ohc,four,91,2bbl,3.03,3.15,9.0,68,5000.0,31,38,6695,Low,False,True,True,False
1,113.0,mazda,four,sedan,fwd,front,93.1,0.38358208955223905,0.33333333333333376,0.5250000000000004,1950,ohc,four,91,2bbl,3.08,3.15,9.0,68,5000.0,31,38,7395,Low,False,True,True,False
3,150.0,mazda,two,hatchback,rwd,front,95.3,0.4164179104477613,0.4615384615384619,0.15000000000000036,2380,rotor,two,70,4bbl,3.3297512437810943,3.255422885572139,9.4,101,6000.0,17,23,10945,Low,False,True,True,False
3,150.0,mazda,two,hatchback,rwd,front,95.3,0.4164179104477613,0.4615384615384619,0.15000000000000036,2380,rotor,two,70,4bbl,3.3297512437810943,3.255422885572139,9.4,101,6000.0,17,23,11845,Low,False,True,True,False
3,150.0,mazda,two,hatchback,rwd,front,95.3,0.4164179104477613,0.4615384615384619,0.15000000000000036,2385,rotor,two,70,4bbl,3.3297512437810943,3.255422885572139,9.4,101,6000.0,17,23,13645,Low,False,True,True,False
3,150.0,mazda,two,hatchback,rwd,front,95.3,0.4164179104477613,0.4615384615384619,0.15000000000000036,2500,rotor,two,80,mpfi,3.3297512437810943,3.255422885572139,9.4,135,6000.0,16,23,15645,Medium,False,True,True,False
1,129.0,mazda,two,hatchback,fwd,front,98.8,0.547761194029851,0.52991452991453,0.49166666666666714,2385,ohc,four,122,2bbl,3.39,3.39,8.6,84,4800.0,26,32,8845,Low,False,True,True,False
0,115.0,mazda,four,sedan,fwd,front,98.8,0.547761194029851,0.52991452991453,0.6416666666666669,2410,ohc,four,122,2bbl,3.39,3.39,8.6,84,4800.0,26,32,8495,Low,False,True,True,False
1,129.0,mazda,two,hatchback,fwd,front,98.8,0.547761194029851,0.52991452991453,0.49166666666666714,2385,ohc,four,122,2bbl,3.39,3.39,8.6,84,4800.0,26,32,10595,Low,False,True,True,False
0,115.0,mazda,four,sedan,fwd,front,98.8,0.547761194029851,0.52991452991453,0.6416666666666669,2410,ohc,four,122,2bbl,3.39,3.39,8.6,84,4800.0,26,32,10245,Low,False,True,True,False
0,122.0,mazda,four,sedan,fwd,front,98.8,0.547761194029851,0.52991452991453,0.6416666666666669,2443,ohc,four,122,idi,3.39,3.39,22.7,64,4650.0,36,42,10795,Low,True,False,True,False
0,115.0,mazda,four,hatchback,fwd,front,98.8,0.547761194029851,0.52991452991453,0.6416666666666669,2425,ohc,four,122,2bbl,3.39,3.39,8.6,84,4800.0,26,32,11245,Low,False,True,True,False
0,118.0,mazda,four,sedan,rwd,front,104.9,0.5059701492537314,0.49572649572649535,0.5500000000000002,2670,ohc,four,140,mpfi,3.76,3.16,8.0,120,5000.0,19,27,18280,Medium,False,True,True,False
0,122.0,mazda,four,sedan,rwd,front,104.9,0.5059701492537314,0.49572649572649535,0.5500000000000002,2700,ohc,four,134,idi,3.43,3.64,22.0,72,4200.0,31,39,18344,Low,True,False,True,False
-1,93.0,mercedes-benz,four,sedan,rwd,front,110.0,0.7432835820895524,0.8547008547008544,0.7250000000000002,3515,ohc,five,183,idi,3.58,3.64,21.5,123,4350.0,22,25,25552,Medium,True,False,False,True
-1,93.0,mercedes-benz,four,wagon,rwd,front,110.0,0.7432835820895524,0.8547008547008544,0.9083333333333338,3750,ohc,five,183,idi,3.58,3.64,21.5,123,4350.0,22,25,28248,Medium,True,False,False,True
0,93.0,mercedes-benz,two,hardtop,rwd,front,106.7,0.6925373134328359,0.8547008547008544,0.5916666666666668,3495,ohc,five,183,idi,3.58,3.64,21.5,123,4350.0,22,25,28176,Medium,True,False,False,True
-1,93.0,mercedes-benz,four,sedan,rwd,front,115.6,0.917910447761194,0.9743589743589746,0.7083333333333334,3770,ohc,five,183,idi,3.58,3.64,21.5,123,4350.0,22,25,31600,Medium,True,False,False,True
-1,122.0,mercedes-benz,four,sedan,rwd,front,115.6,0.917910447761194,0.9743589743589746,0.7250000000000002,3740,ohcv,eight,234,mpfi,3.46,3.1,8.3,155,4750.0,16,18,34184,Medium,False,True,True,False
3,142.0,mercedes-benz,two,convertible,rwd,front,96.6,0.5850746268656719,0.8717948717948718,0.25,3685,ohcv,eight,234,mpfi,3.46,3.1,8.3,155,4750.0,16,18,35056,Medium,False,True,True,False
0,122.0,mercedes-benz,four,sedan,rwd,front,120.9,1.0,0.9743589743589746,0.7416666666666671,3900,ohcv,eight,308,mpfi,3.8,3.35,8.0,184,4500.0,14,16,40960,Medium,False,True,True,False
1,122.0,mercedes-benz,two,hardtop,rwd,front,112.0,0.8671641791044775,1.0,0.6333333333333334,3715,ohcv,eight,304,mpfi,3.8,3.35,8.0,184,4500.0,14,16,45400,Medium,False,True,True,False
1,122.0,mercury,two,hatchback,rwd,front,102.7,0.5567164179104479,0.6581196581196582,0.5833333333333334,2910,ohc,four,140,mpfi,3.78,3.12,8.0,175,5000.0,19,24,16503,Medium,False,True,False,True
2,161.0,mitsubishi,two,hatchback,fwd,front,93.7,0.24179104477611965,0.35042735042735107,0.25,1918,ohc,four,92,2bbl,2.97,3.23,9.4,68,5500.0,37,41,5389,Low,False,True,True,False
2,161.0,mitsubishi,two,hatchback,fwd,front,93.7,0.24179104477611965,0.35042735042735107,0.25,1944,ohc,four,92,2bbl,2.97,3.23,9.4,68,5500.0,31,38,6189,Low,False,True,True,False
2,161.0,mitsubishi,two,hatchback,fwd,front,93.7,0.24179104477611965,0.35042735042735107,0.25,2004,ohc,four,92,2bbl,2.97,3.23,9.4,68,5500.0,31,38,6669,Low,False,True,True,False
1,161.0,mitsubishi,two,hatchback,fwd,front,93.0,0.24179104477611965,0.2991452991452991,0.25,2145,ohc,four,98,spdi,3.03,3.39,7.6,102,5500.0,24,30,7689,Low,False,True,False,True
3,153.0,mitsubishi,two,hatchback,fwd,front,96.3,0.4761194029850747,0.4358974358974365,0.13333333333333344,2370,ohc,four,110,spdi,3.17,3.46,7.5,116,5500.0,23,30,9959,Low,False,True,False,True
3,153.0,mitsubishi,two,hatchback,fwd,front,96.3,0.4761194029850747,0.4358974358974365,0.13333333333333344,2328,ohc,four,122,2bbl,3.35,3.46,8.5,88,5000.0,25,32,8499,Low,False,True,True,False
3,122.0,mitsubishi,two,hatchback,fwd,front,95.9,0.4791044776119402,0.5128205128205127,0.20000000000000048,2833,ohc,four,156,spdi,3.58,3.86,7.0,145,5000.0,19,24,12629,Medium,False,True,False,True
3,122.0,mitsubishi,two,hatchback,fwd,front,95.9,0.4791044776119402,0.5128205128205127,0.20000000000000048,2921,ohc,four,156,spdi,3.59,3.86,7.0,145,5000.0,19,24,14869,Medium,False,True,False,True
3,122.0,mitsubishi,two,hatchback,fwd,front,95.9,0.4791044776119402,0.5128205128205127,0.20000000000000048,2926,ohc,four,156,spdi,3.59,3.86,7.0,145,5000.0,19,24,14489,Medium,False,True,False,True
1,125.0,mitsubishi,four,sedan,fwd,front,96.3,0.4671641791044778,0.4358974358974365,0.31666666666666704,2365,ohc,four,122,2bbl,3.35,3.46,8.5,88,5000.0,25,32,6989,Low,False,True,True,False
1,125.0,mitsubishi,four,sedan,fwd,front,96.3,0.4671641791044778,0.4358974358974365,0.31666666666666704,2405,ohc,four,122,2bbl,3.35,3.46,8.5,88,5000.0,25,32,8189,Low,False,True,True,False
1,125.0,mitsubishi,four,sedan,fwd,front,96.3,0.4671641791044778,0.4358974358974365,0.31666666666666704,2403,ohc,four,110,spdi,3.17,3.46,7.5,116,5500.0,23,30,9279,Low,False,True,False,True
-1,137.0,mitsubishi,four,sedan,fwd,front,96.3,0.4671641791044778,0.4358974358974365,0.31666666666666704,2403,ohc,four,110,spdi,3.17,3.46,7.5,116,5500.0,23,30,9279,Low,False,True,True,False
1,128.0,nissan,two,sedan,fwd,front,94.5,0.3611940298507465,0.2991452991452991,0.5583333333333336,1889,ohc,four,97,2bbl,3.15,3.29,9.4,69,5200.0,31,37,5499,Low,False,True,True,False
1,128.0,nissan,two,sedan,fwd,front,94.5,0.3611940298507465,0.2991452991452991,0.5583333333333336,2017,ohc,four,103,idi,2.99,3.47,21.9,55,4800.0,45,50,7099,Low,True,False,True,False
1,128.0,nissan,two,sedan,fwd,front,94.5,0.3611940298507465,0.2991452991452991,0.5583333333333336,1918,ohc,four,97,2bbl,3.15,3.29,9.4,69,5200.0,31,37,6649,Low,False,True,True,False
1,122.0,nissan,four,sedan,fwd,front,94.5,0.3611940298507465,0.2991452991452991,0.5583333333333336,1938,ohc,four,97,2bbl,3.15,3.29,9.4,69,5200.0,31,37,6849,Low,False,True,True,False
1,103.0,nissan,four,wagon,fwd,front,94.5,0.43432835820895516,0.2991452991452991,0.47500000000000026,2024,ohc,four,97,2bbl,3.15,3.29,9.4,69,5200.0,31,37,7349,Low,False,True,True,False
1,128.0,nissan,two,sedan,fwd,front,94.5,0.3611940298507465,0.2991452991452991,0.5583333333333336,1951,ohc,four,97,2bbl,3.15,3.29,9.4,69,5200.0,31,37,7299,Low,False,True,True,False
1,128.0,nissan,two,hatchback,fwd,front,94.5,0.3656716417910448,0.2991452991452991,0.4583333333333333,2028,ohc,four,97,2bbl,3.15,3.29,9.4,69,5200.0,31,37,7799,Low,False,True,True,False
1,122.0,nissan,four,sedan,fwd,front,94.5,0.3611940298507465,0.2991452991452991,0.5583333333333336,1971,ohc,four,97,2bbl,3.15,3.29,9.4,69,5200.0,31,37,7499,Low,False,True,True,False
1,103.0,nissan,four,wagon,fwd,front,94.5,0.43432835820895516,0.2991452991452991,0.47500000000000026,2037,ohc,four,97,2bbl,3.15,3.29,9.4,69,5200.0,31,37,7999,Low,False,True,True,False
2,168.0,nissan,two,hardtop,fwd,front,95.1,0.3179104477611942,0.2991452991452991,0.4583333333333333,2008,ohc,four,97,2bbl,3.15,3.29,9.4,69,5200.0,31,37,8249,Low,False,True,True,False
0,106.0,nissan,four,hatchback,fwd,front,97.2,0.4820895522388061,0.4188034188034192,0.5750000000000005,2324,ohc,four,120,2bbl,3.33,3.47,8.5,97,5200.0,27,34,8949,Low,False,True,True,False
0,106.0,nissan,four,sedan,fwd,front,97.2,0.4820895522388061,0.4188034188034192,0.5750000000000005,2302,ohc,four,120,2bbl,3.33,3.47,8.5,97,5200.0,27,34,9549,Low,False,True,True,False
0,128.0,nissan,four,sedan,fwd,front,100.4,0.6059701492537313,0.52991452991453,0.6083333333333337,3095,ohcv,six,181,mpfi,3.43,3.27,9.0,152,5200.0,17,22,13499,Medium,False,True,True,False
0,108.0,nissan,four,wagon,fwd,front,100.4,0.6492537313432836,0.52991452991453,0.691666666666667,3296,ohcv,six,181,mpfi,3.43,3.27,9.0,152,5200.0,17,22,14399,Medium,False,True,True,False
0,108.0,nissan,four,sedan,fwd,front,100.4,0.6492537313432836,0.52991452991453,0.6083333333333337,3060,ohcv,six,181,mpfi,3.43,3.27,9.0,152,5200.0,19,25,13499,Medium,False,True,True,False
3,194.0,nissan,two,hatchback,rwd,front,91.3,0.4417910447761193,0.6495726495726502,0.1583333333333338,3071,ohcv,six,181,mpfi,3.43,3.27,9.0,160,5200.0,19,25,17199,Medium,False,True,True,False
3,194.0,nissan,two,hatchback,rwd,front,91.3,0.4417910447761193,0.6495726495726502,0.1583333333333338,3139,ohcv,six,181,mpfi,3.43,3.27,7.8,200,5200.0,17,23,19699,High,False,True,False,True
1,231.0,nissan,two,hatchback,rwd,front,99.2,0.5582089552238807,0.6495726495726502,0.1583333333333338,3139,ohcv,six,181,mpfi,3.43,3.27,9.0,160,5200.0,19,25,18399,Medium,False,True,True,False
0,161.0,peugot,four,sedan,rwd,front,107.9,0.6805970149253731,0.6923076923076928,0.7416666666666671,3020,l,four,120,mpfi,3.46,3.19,8.4,97,5000.0,19,24,11900,Low,False,True,True,False
0,161.0,peugot,four,sedan,rwd,front,107.9,0.6805970149253731,0.6923076923076928,0.7416666666666671,3197,l,four,152,idi,3.7,3.52,21.0,95,4150.0,28,33,13200,Low,True,False,False,True
0,122.0,peugot,four,wagon,rwd,front,114.2,0.8626865671641792,0.6923076923076928,0.9083333333333338,3230,l,four,120,mpfi,3.46,3.19,8.4,97,5000.0,19,24,12440,Low,False,True,True,False
0,122.0,peugot,four,wagon,rwd,front,114.2,0.8626865671641792,0.6923076923076928,0.9083333333333338,3430,l,four,152,idi,3.7,3.52,21.0,95,4150.0,25,25,13860,Low,True,False,False,True
0,161.0,peugot,four,sedan,rwd,front,107.9,0.6805970149253731,0.6923076923076928,0.7416666666666671,3075,l,four,120,mpfi,3.46,2.19,8.4,95,5000.0,19,24,15580,Low,False,True,True,False
0,161.0,peugot,four,sedan,rwd,front,107.9,0.6805970149253731,0.6923076923076928,0.7416666666666671,3252,l,four,152,idi,3.7,3.52,21.0,95,4150.0,28,33,16900,Low,True,False,False,True
0,122.0,peugot,four,wagon,rwd,front,114.2,0.8626865671641792,0.6923076923076928,0.7416666666666671,3285,l,four,120,mpfi,3.46,2.19,8.4,95,5000.0,19,24,16695,Low,False,True,True,False
0,122.0,peugot,four,wagon,rwd,front,114.2,0.8626865671641792,0.6923076923076928,0.9083333333333338,3485,l,four,152,idi,3.7,3.52,21.0,95,4150.0,25,25,17075,Low,True,False,False,True
0,161.0,peugot,four,sedan,rwd,front,107.9,0.6805970149253731,0.6923076923076928,0.7416666666666671,3075,l,four,120,mpfi,3.46,3.19,8.4,97,5000.0,19,24,16630,Low,False,True,True,False
0,161.0,peugot,four,sedan,rwd,front,107.9,0.6805970149253731,0.6923076923076928,0.7416666666666671,3252,l,four,152,idi,3.7,3.52,21.0,95,4150.0,28,33,17950,Low,True,False,False,True
0,161.0,peugot,four,sedan,rwd,front,108.0,0.6805970149253731,0.6837606837606836,0.6833333333333336,3130,l,four,134,mpfi,3.61,3.21,7.0,142,5600.0,18,24,18150,Medium,False,True,False,True
1,119.0,plymouth,two,hatchback,fwd,front,93.7,0.24179104477611965,0.2991452991452991,0.25,1918,ohc,four,90,2bbl,2.97,3.23,9.4,68,5500.0,37,41,5572,Low,False,True,True,False
1,119.0,plymouth,two,hatchback,fwd,front,93.7,0.24179104477611965,0.2991452991452991,0.25,2128,ohc,four,98,spdi,3.03,3.39,7.6,102,5500.0,24,30,7957,Low,False,True,False,True
1,154.0,plymouth,four,hatchback,fwd,front,93.7,0.24179104477611965,0.2991452991452991,0.2333333333333337,1967,ohc,four,90,2bbl,2.97,3.23,9.4,68,5500.0,31,38,6229,Low,False,True,True,False
1,154.0,plymouth,four,sedan,fwd,front,93.7,0.39104477611940325,0.2991452991452991,0.25,1989,ohc,four,90,2bbl,2.97,3.23,9.4,68,5500.0,31,38,6692,Low,False,True,True,False
1,154.0,plymouth,four,sedan,fwd,front,93.7,0.39104477611940325,0.2991452991452991,0.25,2191,ohc,four,98,2bbl,2.97,3.23,9.4,68,5500.0,31,38,7609,Low,False,True,True,False
-1,74.0,plymouth,four,wagon,fwd,front,103.3,0.5,0.3675213675213672,1.0,2535,ohc,four,122,2bbl,3.35,3.46,8.5,88,5000.0,24,30,8921,Low,False,True,True,False
3,122.0,plymouth,two,hatchback,rwd,front,95.9,0.4791044776119402,0.5128205128205127,0.20000000000000048,2818,ohc,four,156,spdi,3.59,3.86,7.0,145,5000.0,19,24,12764,Medium,False,True,False,True
3,186.0,porsche,two,hatchback,rwd,front,94.5,0.41492537313432853,0.6837606837606836,0.20000000000000048,2778,ohc,four,151,mpfi,3.94,3.11,9.5,143,5500.0,19,27,22018,Medium,False,True,True,False
3,122.0,porsche,two,hardtop,rwd,rear,89.5,0.41492537313432853,0.40170940170940184,0.31666666666666704,2756,ohcf,six,194,mpfi,3.74,2.9,9.5,207,5900.0,17,25,32528,High,False,True,True,False
3,122.0,porsche,two,hardtop,rwd,rear,89.5,0.41492537313432853,0.40170940170940184,0.31666666666666704,2756,ohcf,six,194,mpfi,3.74,2.9,9.5,207,5900.0,17,25,34028,High,False,True,True,False
3,122.0,porsche,two,convertible,rwd,rear,89.5,0.41492537313432853,0.40170940170940184,0.31666666666666704,2800,ohcf,six,194,mpfi,3.74,2.9,9.5,207,5900.0,17,25,37028,High,False,True,True,False
0,122.0,renault,four,wagon,fwd,front,96.1,0.6029850746268658,0.52991452991453,0.6166666666666671,2579,ohc,four,132,mpfi,3.46,3.9,8.7,104,5125.369458128079,23,31,9295,Low,False,True,True,False
2,122.0,renault,two,hatchback,fwd,front,96.1,0.5328358208955226,0.5384615384615381,0.22500000000000023,2460,ohc,four,132,mpfi,3.46,3.9,8.7,104,5125.369458128079,23,31,9895,Low,False,True,True,False
3,150.0,saab,two,hatchback,fwd,front,99.1,0.6791044776119403,0.52991452991453,0.691666666666667,2658,ohc,four,121,mpfi,3.54,3.07,9.31,110,5250.0,21,28,11850,Low,False,True,True,False
2,104.0,saab,four,sedan,fwd,front,99.1,0.6791044776119403,0.52991452991453,0.691666666666667,2695,ohc,four,121,mpfi,3.54,3.07,9.3,110,5250.0,21,28,12170,Low,False,True,True,False
3,150.0,saab,two,hatchback,fwd,front,99.1,0.6791044776119403,0.52991452991453,0.691666666666667,2707,ohc,four,121,mpfi,2.54,2.07,9.3,110,5250.0,21,28,15040,Low,False,True,True,False
2,104.0,saab,four,sedan,fwd,front,99.1,0.6791044776119403,0.52991452991453,0.691666666666667,2758,ohc,four,121,mpfi,3.54,3.07,9.3,110,5250.0,21,28,15510,Low,False,True,True,False
3,150.0,saab,two,hatchback,fwd,front,99.1,0.6791044776119403,0.52991452991453,0.691666666666667,2808,dohc,four,121,mpfi,3.54,3.07,9.0,160,5500.0,19,26,18150,Medium,False,True,False,True
2,104.0,saab,four,sedan,fwd,front,99.1,0.6791044776119403,0.52991452991453,0.691666666666667,2847,dohc,four,121,mpfi,3.54,3.07,9.0,160,5500.0,19,26,18620,Medium,False,True,False,True
2,83.0,subaru,two,hatchback,fwd,front,93.7,0.23582089552238822,0.264957264957265,0.49166666666666714,2050,ohcf,four,97,2bbl,3.62,2.36,9.0,69,4900.0,31,36,5118,Low,False,True,True,False
2,83.0,subaru,two,hatchback,fwd,front,93.7,0.25074626865671656,0.2820512820512823,0.49166666666666714,2120,ohcf,four,108,2bbl,3.62,2.64,8.7,73,4400.0,26,31,7053,Low,False,True,True,False
2,83.0,subaru,two,hatchback,4wd,front,93.3,0.24179104477611965,0.2991452991452991,0.6583333333333338,2240,ohcf,four,108,2bbl,3.62,2.64,8.7,73,4400.0,26,31,7603,Low,False,True,True,False
0,102.0,subaru,four,sedan,fwd,front,97.2,0.46119402985074637,0.4358974358974365,0.3916666666666669,2145,ohcf,four,108,2bbl,3.62,2.64,9.5,82,4800.0,32,37,7126,Low,False,True,True,False
0,102.0,subaru,four,sedan,fwd,front,97.2,0.46119402985074637,0.4358974358974365,0.3916666666666669,2190,ohcf,four,108,2bbl,3.62,2.64,9.5,82,4400.0,28,33,7775,Low,False,True,True,False
0,102.0,subaru,four,sedan,fwd,front,97.2,0.46119402985074637,0.4358974358974365,0.3916666666666669,2340,ohcf,four,108,mpfi,3.62,2.64,9.0,94,5200.0,26,32,9960,Low,False,True,True,False
0,102.0,subaru,four,sedan,4wd,front,97.0,0.46119402985074637,0.4358974358974365,0.5416666666666666,2385,ohcf,four,108,2bbl,3.62,2.64,9.0,82,4800.0,24,25,9233,Low,False,True,True,False
0,102.0,subaru,four,sedan,4wd,front,97.0,0.46119402985074637,0.4358974358974365,0.5416666666666666,2510,ohcf,four,108,mpfi,3.62,2.64,7.7,111,4800.0,24,29,11259,Low,False,True,False,True
0,89.0,subaru,four,wagon,fwd,front,97.0,0.4835820895522389,0.4358974358974365,0.43333333333333357,2290,ohcf,four,108,2bbl,3.62,2.64,9.0,82,4800.0,28,32,7463,Low,False,True,True,False
0,89.0,subaru,four,wagon,fwd,front,97.0,0.4835820895522389,0.4358974358974365,0.43333333333333357,2455,ohcf,four,108,mpfi,3.62,2.64,9.0,94,5200.0,25,31,10198,Low,False,True,True,False
0,85.0,subaru,four,wagon,4wd,front,96.9,0.48507462686567165,0.4358974358974365,0.5916666666666668,2420,ohcf,four,108,2bbl,3.62,2.64,9.0,82,4800.0,23,29,8013,Low,False,True,True,False
0,85.0,subaru,four,wagon,4wd,front,96.9,0.48507462686567165,0.4358974358974365,0.5916666666666668,2650,ohcf,four,108,mpfi,3.62,2.64,7.7,111,4800.0,23,23,11694,Low,False,True,False,True
1,87.0,toyota,two,hatchback,fwd,front,95.7,0.26268656716417904,0.2820512820512823,0.5583333333333336,1985,ohc,four,92,2bbl,3.05,3.03,9.0,62,4800.0,35,39,5348,Low,False,True,True,False
1,87.0,toyota,two,hatchback,fwd,front,95.7,0.26268656716417904,0.2820512820512823,0.5583333333333336,2040,ohc,four,92,2bbl,3.05,3.03,9.0,62,4800.0,31,38,6338,Low,False,True,True,False
1,74.0,toyota,four,hatchback,fwd,front,95.7,0.26268656716417904,0.2820512820512823,0.5583333333333336,2015,ohc,four,92,2bbl,3.05,3.03,9.0,62,4800.0,31,38,6488,Low,False,True,True,False
0,77.0,toyota,four,wagon,fwd,front,95.7,0.42686567164179096,0.2820512820512823,0.941666666666667,2280,ohc,four,92,2bbl,3.05,3.03,9.0,62,4800.0,31,37,6918,Low,False,True,True,False
0,81.0,toyota,four,wagon,4wd,front,95.7,0.42686567164179096,0.2820512820512823,0.941666666666667,2290,ohc,four,92,2bbl,3.05,3.03,9.0,62,4800.0,27,32,7898,Low,False,True,True,False
0,91.0,toyota,four,wagon,4wd,front,95.7,0.42686567164179096,0.2820512820512823,0.941666666666667,3110,ohc,four,92,2bbl,3.05,3.03,9.0,62,4800.0,27,32,8778,Low,False,True,True,False
0,91.0,toyota,four,sedan,fwd,front,95.7,0.3761194029850749,0.35042735042735107,0.43333333333333357,2081,ohc,four,98,2bbl,3.19,3.03,9.0,70,4800.0,30,37,6938,Low,False,True,True,False
0,91.0,toyota,four,hatchback,fwd,front,95.7,0.3761194029850749,0.35042735042735107,0.4166666666666667,2109,ohc,four,98,2bbl,3.19,3.03,9.0,70,4800.0,30,37,7198,Low,False,True,True,False
0,91.0,toyota,four,sedan,fwd,front,95.7,0.3761194029850749,0.35042735042735107,0.43333333333333357,2275,ohc,four,110,idi,3.27,3.35,22.5,56,4500.0,34,36,7898,Low,True,False,True,False
0,91.0,toyota,four,hatchback,fwd,front,95.7,0.3761194029850749,0.35042735042735107,0.4166666666666667,2275,ohc,four,110,idi,3.27,3.35,22.5,56,4500.0,38,47,7788,Low,True,False,True,False
0,91.0,toyota,four,sedan,fwd,front,95.7,0.3761194029850749,0.35042735042735107,0.43333333333333357,2094,ohc,four,98,2bbl,3.19,3.03,9.0,70,4800.0,38,47,7738,Low,False,True,True,False
0,91.0,toyota,four,hatchback,fwd,front,95.7,0.3761194029850749,0.35042735042735107,0.4166666666666667,2122,ohc,four,98,2bbl,3.19,3.03,9.0,70,4800.0,28,34,8358,Low,False,True,True,False
0,91.0,toyota,four,sedan,fwd,front,95.7,0.3761194029850749,0.35042735042735107,0.4166666666666667,2140,ohc,four,98,2bbl,3.19,3.03,9.0,70,4800.0,28,34,9258,Low,False,True,True,False
1,168.0,toyota,two,sedan,rwd,front,94.5,0.4119402985074626,0.3162393162393164,0.40000000000000036,2169,ohc,four,98,2bbl,3.19,3.03,9.0,70,4800.0,29,34,8058,Low,False,True,True,False
1,168.0,toyota,two,hatchback,rwd,front,94.5,0.4119402985074626,0.3162393162393164,0.40000000000000036,2204,ohc,four,98,2bbl,3.19,3.03,9.0,70,4800.0,29,34,8238,Low,False,True,True,False
1,168.0,toyota,two,sedan,rwd,front,94.5,0.4119402985074626,0.3162393162393164,0.40000000000000036,2265,dohc,four,98,mpfi,3.24,3.08,9.4,112,6600.0,26,29,9298,Low,False,True,True,False
1,168.0,toyota,two,hatchback,rwd,front,94.5,0.4119402985074626,0.3162393162393164,0.40000000000000036,2300,dohc,four,98,mpfi,3.24,3.08,9.4,112,6600.0,26,29,9538,Low,False,True,True,False
2,134.0,toyota,two,hardtop,rwd,front,98.4,0.5238805970149253,0.45299145299145266,0.35000000000000026,2540,ohc,four,146,mpfi,3.62,3.5,9.3,116,4800.0,24,30,8449,Low,False,True,True,False
2,134.0,toyota,two,hardtop,rwd,front,98.4,0.5238805970149253,0.45299145299145266,0.35000000000000026,2536,ohc,four,146,mpfi,3.62,3.5,9.3,116,4800.0,24,30,9639,Low,False,True,True,False
2,134.0,toyota,two,hatchback,rwd,front,98.4,0.5238805970149253,0.45299145299145266,0.35000000000000026,2551,ohc,four,146,mpfi,3.62,3.5,9.3,116,4800.0,24,30,9989,Low,False,True,True,False
2,134.0,toyota,two,hardtop,rwd,front,98.4,0.5238805970149253,0.45299145299145266,0.35000000000000026,2679,ohc,four,146,mpfi,3.62,3.5,9.3,116,4800.0,24,30,11199,Low,False,True,True,False
2,134.0,toyota,two,hatchback,rwd,front,98.4,0.5238805970149253,0.45299145299145266,0.35000000000000026,2714,ohc,four,146,mpfi,3.62,3.5,9.3,116,4800.0,24,30,11549,Low,False,True,True,False
2,134.0,toyota,two,convertible,rwd,front,98.4,0.5238805970149253,0.45299145299145266,0.43333333333333357,2975,ohc,four,146,mpfi,3.62,3.5,9.3,116,4800.0,24,30,17669,Low,False,True,True,False
-1,65.0,toyota,four,sedan,fwd,front,102.4,0.5149253731343284,0.52991452991453,0.5916666666666668,2326,ohc,four,122,mpfi,3.31,3.54,8.7,92,4200.0,29,34,8948,Low,False,True,True,False
-1,65.0,toyota,four,sedan,fwd,front,102.4,0.5149253731343284,0.52991452991453,0.5916666666666668,2480,ohc,four,110,idi,3.27,3.35,22.5,73,4500.0,30,33,10698,Low,True,False,False,True
-1,65.0,toyota,four,hatchback,fwd,front,102.4,0.5149253731343284,0.52991452991453,0.5083333333333334,2414,ohc,four,122,mpfi,3.31,3.54,8.7,92,4200.0,27,32,9988,Low,False,True,True,False
-1,65.0,toyota,four,sedan,fwd,front,102.4,0.5149253731343284,0.52991452991453,0.5916666666666668,2414,ohc,four,122,mpfi,3.31,3.54,8.7,92,4200.0,27,32,10898,Low,False,True,True,False
-1,65.0,toyota,four,hatchback,fwd,front,102.4,0.5149253731343284,0.52991452991453,0.5083333333333334,2458,ohc,four,122,mpfi,3.31,3.54,8.7,92,4200.0,27,32,11248,Low,False,True,True,False
3,197.0,toyota,two,hatchback,rwd,front,102.9,0.6328358208955225,0.6324786324786328,0.35000000000000026,2976,dohc,six,171,mpfi,3.27,3.35,9.3,161,5200.0,20,24,16558,Medium,False,True,True,False
3,197.0,toyota,two,hatchback,rwd,front,102.9,0.6328358208955225,0.6324786324786328,0.35000000000000026,3016,dohc,six,171,mpfi,3.27,3.35,9.3,161,5200.0,19,24,15998,Medium,False,True,True,False
-1,90.0,toyota,four,sedan,rwd,front,104.5,0.6970149253731346,0.52991452991453,0.5250000000000004,3131,dohc,six,171,mpfi,3.27,3.35,9.2,156,5200.0,20,24,15690,Medium,False,True,True,False
-1,122.0,toyota,four,wagon,rwd,front,104.5,0.6970149253731346,0.52991452991453,0.5250000000000004,3151,dohc,six,161,mpfi,3.27,3.35,9.2,156,5200.0,19,24,15750,Medium,False,True,True,False
2,122.0,volkswagen,two,sedan,fwd,front,97.3,0.4567164179104477,0.4444444444444446,0.6583333333333338,2261,ohc,four,97,idi,3.01,3.4,23.0,52,4800.0,37,46,7775,Low,True,False,True,False
2,122.0,volkswagen,two,sedan,fwd,front,97.3,0.4567164179104477,0.4444444444444446,0.6583333333333338,2209,ohc,four,109,mpfi,3.19,3.4,9.0,85,5250.0,27,34,7975,Low,False,True,True,False
2,94.0,volkswagen,four,sedan,fwd,front,97.3,0.4567164179104477,0.4444444444444446,0.6583333333333338,2264,ohc,four,97,idi,3.01,3.4,23.0,52,4800.0,37,46,7995,Low,True,False,True,False
2,94.0,volkswagen,four,sedan,fwd,front,97.3,0.4567164179104477,0.4444444444444446,0.6583333333333338,2212,ohc,four,109,mpfi,3.19,3.4,9.0,85,5250.0,27,34,8195,Low,False,True,True,False
2,94.0,volkswagen,four,sedan,fwd,front,97.3,0.4567164179104477,0.4444444444444446,0.6583333333333338,2275,ohc,four,109,mpfi,3.19,3.4,9.0,85,5250.0,27,34,8495,Low,False,True,True,False
2,94.0,volkswagen,four,sedan,fwd,front,97.3,0.4567164179104477,0.4444444444444446,0.6583333333333338,2319,ohc,four,97,idi,3.01,3.4,23.0,68,4500.0,37,42,9495,Low,True,False,False,True
2,94.0,volkswagen,four,sedan,fwd,front,97.3,0.4567164179104477,0.4444444444444446,0.6583333333333338,2300,ohc,four,109,mpfi,3.19,3.4,10.0,100,5500.0,26,32,9995,Low,False,True,True,False
3,122.0,volkswagen,two,convertible,fwd,front,94.5,0.27164179104477637,0.33333333333333376,0.6500000000000004,2254,ohc,four,109,mpfi,3.19,3.4,8.5,90,5500.0,24,29,11595,Low,False,True,True,False
3,256.0,volkswagen,two,hatchback,fwd,front,94.5,0.3671641791044775,0.3162393162393164,0.3000000000000001,2221,ohc,four,109,mpfi,3.19,3.4,8.5,90,5500.0,24,29,9980,Low,False,True,True,False
0,122.0,volkswagen,four,sedan,fwd,front,100.4,0.5835820895522387,0.5641025641025647,0.6083333333333337,2661,ohc,five,136,mpfi,3.19,3.4,8.5,110,5500.0,19,24,13295,Low,False,True,True,False
0,122.0,volkswagen,four,sedan,fwd,front,100.4,0.5835820895522387,0.5641025641025647,0.6083333333333337,2579,ohc,four,97,idi,3.01,3.4,23.0,68,4500.0,33,38,13845,Low,True,False,False,True
0,122.0,volkswagen,four,wagon,fwd,front,100.4,0.6268656716417911,0.5641025641025647,0.6083333333333337,2563,ohc,four,109,mpfi,3.19,3.4,9.0,88,5500.0,25,31,12290,Low,False,True,True,False
-2,103.0,volvo,four,sedan,rwd,front,104.3,0.711940298507463,0.5897435897435901,0.7000000000000005,2912,ohc,four,141,mpfi,3.78,3.15,9.5,114,5400.0,23,28,12940,Low,False,True,True,False
-1,74.0,volvo,four,wagon,rwd,front,104.3,0.711940298507463,0.5897435897435901,0.8083333333333336,3034,ohc,four,141,mpfi,3.78,3.15,9.5,114,5400.0,23,28,13415,Low,False,True,True,False
-2,103.0,volvo,four,sedan,rwd,front,104.3,0.711940298507463,0.5897435897435901,0.7000000000000005,2935,ohc,four,141,mpfi,3.78,3.15,9.5,114,5400.0,24,28,15985,Low,False,True,True,False
-1,74.0,volvo,four,wagon,rwd,front,104.3,0.711940298507463,0.5897435897435901,0.8083333333333336,3042,ohc,four,141,mpfi,3.78,3.15,9.5,114,5400.0,24,28,16515,Low,False,True,True,False
-2,103.0,volvo,four,sedan,rwd,front,104.3,0.711940298507463,0.5897435897435901,0.7000000000000005,3045,ohc,four,130,mpfi,3.62,3.15,7.5,162,5100.0,17,22,18420,Medium,False,True,False,True
-1,74.0,volvo,four,wagon,rwd,front,104.3,0.711940298507463,0.5897435897435901,0.8083333333333336,3157,ohc,four,130,mpfi,3.62,3.15,7.5,162,5100.0,17,22,18950,Medium,False,True,False,True
-1,95.0,volvo,four,sedan,rwd,front,109.1,0.711940298507463,0.7350427350427355,0.6416666666666669,2952,ohc,four,141,mpfi,3.78,3.15,9.5,114,5400.0,23,28,16845,Low,False,True,True,False
-1,95.0,volvo,four,sedan,rwd,front,109.1,0.711940298507463,0.7264957264957264,0.6416666666666669,3049,ohc,four,141,mpfi,3.78,3.15,8.7,160,5300.0,19,25,19045,Medium,False,True,False,True
-1,95.0,volvo,four,sedan,rwd,front,109.1,0.711940298507463,0.7350427350427355,0.6416666666666669,3012,ohcv,six,173,mpfi,3.58,2.87,8.8,134,5500.0,18,23,21485,Medium,False,True,True,False
-1,95.0,volvo,four,sedan,rwd,front,109.1,0.711940298507463,0.7350427350427355,0.6416666666666669,3217,ohc,six,145,idi,3.01,3.4,23.0,106,4800.0,26,27,22470,Low,True,False,False,True
-1,95.0,volvo,four,sedan,rwd,front,109.1,0.711940298507463,0.7350427350427355,0.6416666666666669,3062,ohc,four,141,mpfi,3.78,3.15,9.5,114,5400.0,19,25,22625,Low,False,True,False,True
